Date,Rot,VH,Team,1st,2nd,3rd,Final,Open,Close,PL,PLOdds,OpenOU,OpenOdds,CloseOU,CloseOdds
1007,61,N,SanJose,1,0,0,1,150,165,1.5,-150,5.5,-125,5.5,-130
1007,62,N,Nashville,1,2,1,4,-180,-185,-1.5,130,5.5,105,5.5,110
1011,65,V,TampaBay,0,1,0,1,100,117,1.5,-250,5.5,-105,5.5,100
1011,66,H,NYRangers,0,1,2,3,-120,-127,-1.5,220,5.5,-115,5.5,-120
1011,67,V,Vegas,0,1,3,4,100,101,1.5,-240,6,100,6,-130
1011,68,H,LosAngeles,1,0,2,3,-120,-111,-1.5,210,6,-120,6,110
1012,69,V,Columbus,0,1,0,1,175,240,1.5,-110,6,-105,6.5,105
1012,70,H,Carolina,0,2,2,4,-210,-270,-1.5,-110,6,-115,6.5,-125
1012,71,V,Boston,2,1,2,5,-105,130,1.5,-220,6,-135,6,-115
1012,72,H,Washington,0,2,0,2,-115,-140,-1.5,195,6,115,6,-105
1012,73,V,Toronto,1,1,1,3,-250,-240,-1.5,105,6.5,-125,6.5,-145
1012,74,H,Montreal,0,2,2,4,200,210,1.5,-125,6.5,105,6.5,125
1012,75,V,Chicago,1,0,1,2,310,330,1.5,130,6.5,-115,6.5,-120
1012,76,H,Colorado,2,2,1,5,-400,-400,-1.5,-150,6.5,-105,6.5,100
1012,77,V,Vancouver,2,1,0,3,150,165,1.5,-160,6.5,-105,6.5,-120
1012,78,H,Edmonton,0,3,2,5,-180,-185,-1.5,140,6.5,-115,6.5,100
1012,79,V,SeattleKraken,1,2,1,4,125,100,1.5,-250,6,100,5.5,-125
1012,80,H,Anaheim,1,1,2,5,-145,-110,-1.5,220,6,-120,5.5,105
1013,1,V,Ottawa,1,0,0,1,-115,-121,-1.5,220,6,-110,6.5,-125
1013,2,H,Buffalo,0,2,2,4,-105,111,1.5,-250,6,-110,6.5,105
1013,3,V,Arizona,0,1,1,2,280,320,1.5,135,6.5,-115,6.5,100
1013,4,H,Pittsburgh,3,1,2,6,-350,-380,-1.5,-155,6.5,-105,6.5,-120
1013,5,V,NewJersey,1,0,1,2,-130,-123,-1.5,200,6,-110,6,-105
1013,6,H,Philadelphia,1,2,2,5,110,113,1.5,-230,6,-110,6,-115
1013,7,V,Florida,0,1,2,3,-130,-140,-1.5,185,6,-110,6,-110
1013,8,H,NYIslanders,0,0,1,1,110,130,1.5,-210,6,-110,6,-110
1013,9,V,Washington,2,0,0,2,145,185,1.5,-145,6.5,-115,6.5,-135
1013,10,H,Toronto,1,1,1,3,-170,-205,-1.5,125,6.5,-105,6.5,115
1013,11,V,NYRangers,3,1,3,7,110,112,1.5,-230,6,-115,6,105
1013,12,H,Minnesota,0,1,2,3,-130,-122,-1.5,200,6,-105,6,-125
1013,13,V,Dallas,2,1,1,4,120,120,1.5,-235,6,-105,5.5,-120
1013,14,H,Nashville,0,0,1,1,-140,-130,-1.5,205,6,-115,5.5,100
1013,15,V,Colorado,1,0,2,3,100,126,1.5,-230,6,-115,6.5,100
1013,16,H,Calgary,1,2,2,5,-120,-136,-1.5,200,6,-105,6.5,-120
1013,17,V,Chicago,0,0,0,0,280,300,1.5,120,6.5,-115,6.5,-115
1013,18,H,Vegas,0,1,0,1,-350,-350,-1.5,-140,6.5,-105,6.5,-105
1013,19,V,SeattleKraken,1,2,1,4,165,155,1.5,-175,6,-110,6,-120
1013,20,H,LosAngeles,1,0,0,1,-195,-170,-1.5,155,6,-110,6,100
1014,21,V,TampaBay,3,1,1,5,-170,-205,-1.5,135,6.5,-105,6,-120
1014,22,H,Columbus,2,0,0,2,145,185,1.5,-155,6.5,-115,6,100
1014,23,V,Montreal,0,0,0,0,135,140,1.5,-180,6,-115,6,-130
1014,24,H,Detroit,0,0,3,3,-160,-155,-1.5,160,6,-105,6,110
1014,25,V,NYRangers,0,0,1,1,-105,131,1.5,-210,6,-115,6.5,-110
1014,26,H,Winnipeg,1,0,3,4,-115,-142,-1.5,185,6,-105,6.5,-110
1014,27,V,Carolina,0,1,1,2,-185,-188,-1.5,140,6,-110,6,-110
1014,28,H,SanJose,1,0,0,1,155,168,1.5,-160,6,-110,6,-110
1015,29,V,Florida,2,2,0,4,-185,-185,-1.5,140,7,105,7,110
1015,30,H,Buffalo,2,1,0,3,155,165,1.5,-160,7,-125,7,-130
1015,31,V,Vancouver,2,0,0,2,-110,-165,-1.5,175,6.5,-105,6,-115
1015,32,H,Philadelphia,0,2,1,3,-110,150,1.5,-200,6.5,-115,6,-105
1015,33,V,Ottawa,1,0,1,2,160,210,1.5,-130,7,110,6.5,-140
1015,34,H,Toronto,0,1,2,3,-190,-240,-1.5,110,7,-130,6.5,120
1015,35,V,Arizona,0,1,2,3,240,285,1.5,110,6.5,-105,6.5,100
1015,36,H,Boston,2,1,3,6,-300,-330,-1.5,-130,6.5,-115,6.5,-120
1015,37,V,TampaBay,1,0,1,2,105,155,1.5,-175,6.5,-105,6.5,100
1015,38,H,Pittsburgh,1,1,4,6,-125,-170,-1.5,155,6.5,-115,6.5,-120
1015,39,V,Detroit,0,4,1,5,130,155,1.5,-170,6.5,-120,6.5,-125
1015,40,H,NewJersey,1,1,0,2,-150,-170,-1.5,150,6.5,100,6.5,105
1015,41,V,Montreal,0,1,0,1,200,250,1.5,105,6.5,100,6.5,100
1015,42,H,Washington,0,3,0,3,-250,-290,-1.5,-125,6.5,-120,6.5,-120
1015,43,V,Anaheim,0,0,1,1,155,149,1.5,-170,5.5,-120,5.5,-115
1015,44,H,NYIslanders,2,3,2,7,-185,-164,-1.5,150,5.5,100,5.5,-105
1015,45,V,LosAngeles,4,2,1,7,140,155,1.5,-165,6,-105,6,-110
1015,46,H,Minnesota,2,2,2,6,-165,-170,-1.5,145,6,-115,6,-110
1015,47,V,Nashville,0,1,0,1,-105,110,1.5,-245,6,-105,5.5,-125
1015,48,H,Dallas,1,2,2,5,-115,-120,-1.5,215,6,-115,5.5,105
1015,49,V,Columbus,0,2,0,2,180,220,1.5,-125,6.5,-110,6.5,-110
1015,50,H,St.Louis,1,1,3,5,-220,-250,-1.5,105,6.5,-110,6.5,-110
1015,51,V,Vegas,2,3,0,5,-145,-127,-1.5,190,6.5,-115,6.5,-110
1015,52,H,SeattleKraken,0,0,2,2,125,117,1.5,-215,6.5,-105,6.5,-110
1015,53,V,Calgary,4,0,0,4,125,121,1.5,-220,6.5,-130,6.5,-140
1015,54,H,Edmonton,1,2,0,3,-145,-131,-1.5,195,6.5,110,6.5,120
1015,55,V,Chicago,0,3,2,5,145,125,1.5,-200,6,-120,6,100
1015,56,H,SanJose,2,0,0,2,-170,-135,-1.5,175,6,100,6,-120
1017,57,V,Vancouver,1,3,0,4,120,120,1.5,-215,6,-120,6,-120
1017,58,H,Washington,1,1,4,6,-140,-130,-1.5,190,6,100,6,100
1017,59,V,Pittsburgh,0,2,0,2,-260,-245,-1.5,110,6.5,-115,7,115
1017,60,H,Montreal,0,0,2,3,210,215,1.5,-130,6.5,-105,7,-135
1017,61,V,Florida,0,1,2,3,-120,-132,-1.5,205,6.5,-125,6.5,-110
1017,62,H,Boston,1,1,3,5,100,122,1.5,-235,6.5,105,6.5,-110
1017,63,V,Anaheim,1,1,2,4,180,210,1.5,-120,6,-105,6,-105
1017,64,H,NYRangers,2,3,1,6,-220,-240,-1.5,100,6,-115,6,-115
1017,65,V,Arizona,1,1,2,4,350,425,1.5,175,6.5,-125,7,110
1017,66,H,Toronto,0,0,2,2,-450,-550,-1.5,-200,6.5,105,7,-130
1017,67,V,LosAngeles,2,1,1,5,-105,-135,-1.5,205,6,-110,6.5,-115
1017,68,H,Detroit,1,1,2,4,-115,125,1.5,-235,6,-110,6.5,-105
1017,69,V,Colorado,2,1,3,6,-125,-115,-1.5,235,6.5,-110,6.5,-130
1017,70,H,Minnesota,1,1,1,3,105,105,1.5,-270,6.5,-110,6.5,110
1017,71,V,Winnipeg,1,0,0,1,120,130,1.5,-220,6,-115,6,-115
1017,72,H,Dallas,1,2,1,4,-140,-140,-1.5,195,6,-105,6,-105
1017,73,V,Carolina,1,3,1,5,-160,-165,-1.5,165,6.5,-105,6.5,105
1017,74,H,SeattleKraken,0,1,0,1,135,150,1.5,-185,6.5,-115,6.5,-125
1018,1,V,Vancouver,2,0,1,3,110,-105,-1.5,235,6,100,6,-125
1018,2,H,Columbus,0,1,2,4,-130,-105,1.5,-270,6,-120,6,105
1018,3,V,Boston,1,4,0,5,-120,120,1.5,-215,6,-115,6,-120
1018,4,H,Ottawa,3,3,1,7,100,-130,-1.5,190,6,-105,6,100
1018,5,V,Anaheim,2,0,0,2,150,160,1.5,-160,6,100,6.5,-115
1018,6,H,NewJersey,0,2,2,4,-180,-180,-1.5,140,6,-120,6.5,-105
1018,7,V,Philadelphia,0,1,2,3,195,250,1.5,-105,6.5,100,6,-120
1018,8,H,TampaBay,0,2,0,2,-245,-290,-1.5,-115,6.5,-120,6,100
1018,9,V,SanJose,1,1,0,2,150,170,1.5,-165,5.5,-110,5.5,-115
1018,10,H,NYIslanders,0,3,2,5,-180,-190,-1.5,145,5.5,-110,5.5,-105
1018,11,V,Vegas,2,0,0,2,135,145,1.5,-175,6.5,100,6,-125
1018,12,H,Calgary,0,2,1,3,-160,-160,-1.5,155,6.5,-120,6,105
1018,13,V,Buffalo,1,2,1,4,225,190,1.5,-135,6.5,-120,7,-105
1018,14,H,Edmonton,1,0,1,2,-275,-210,-1.5,115,6.5,100,7,-115
1018,15,V,LosAngeles,0,1,2,4,125,155,1.5,-175,5.5,-120,6,-110
1018,16,H,Nashville,1,2,0,3,-145,-170,-1.5,155,5.5,100,6,-110
1019,17,V,Philadelphia,1,1,1,3,255,300,1.5,120,6.5,-125,6.5,-120
1019,18,H,Florida,2,0,2,4,-315,-350,-1.5,-140,6.5,105,6.5,100
1019,19,V,Winnipeg,2,1,0,4,195,210,1.5,-125,6.5,-110,6.5,-110
1019,20,H,Colorado,0,3,0,3,-245,-240,-1.5,105,6.5,-110,6.5,-110
1019,21,V,St.Louis,3,0,0,4,-165,-124,-1.5,185,6.5,100,6,100
1019,22,H,SeattleKraken,1,2,0,3,140,114,1.5,-210,6.5,-120,6,-120
1020,23,V,Dallas,1,0,1,2,145,160,1.5,-160,6.5,-120,6.5,-110
1020,24,H,Toronto,0,1,1,3,-170,-180,-1.5,140,6.5,100,6.5,-110
1020,25,V,Washington,2,0,0,2,100,100,1.5,-240,6.5,-130,6.5,-110
1020,26,H,Ottawa,0,2,3,5,-120,-110,-1.5,210,6.5,110,6.5,-110
1020,27,V,Nashville,2,1,0,3,-130,-124,-1.5,195,6.5,-125,6.5,-110
1020,28,H,Columbus,0,1,4,5,110,114,1.5,-220,6.5,105,6.5,-110
1020,29,V,Arizona,0,0,2,2,135,150,1.5,-155,6.5,-115,6.5,100
1020,30,H,Montreal,3,2,1,6,-160,-165,-1.5,135,6.5,-105,6.5,-120
1020,31,V,Anaheim,0,1,0,1,175,175,1.5,-130,6.5,-125,6.5,-115
1020,32,H,Boston,0,1,0,2,-210,-195,-1.5,110,6.5,105,6.5,-105
1020,33,V,SanJose,1,1,0,3,195,240,1.5,-105,6.5,-105,6.5,105
1020,34,H,NYRangers,0,2,0,2,-245,-270,-1.5,-115,6.5,-115,6.5,-125
1020,35,V,LosAngeles,0,0,1,1,170,165,1.5,-145,6.5,-120,6.5,-120
1020,36,H,Pittsburgh,3,1,2,6,-200,-185,-1.5,125,6.5,100,6.5,100
1020,37,V,NewJersey,0,2,2,4,115,132,1.5,-190,6.5,110,6.5,105
1020,38,H,NYIslanders,0,0,1,1,-135,-145,-1.5,170,6.5,-130,6.5,-125
1020,39,V,Vancouver,2,1,0,3,150,155,1.5,-160,6.5,-130,6.5,-120
1020,40,H,Minnesota,2,0,1,4,-180,-170,-1.5,140,6.5,110,6.5,100
1020,41,V,Carolina,0,2,2,4,100,100,1.5,-230,6.5,-130,6.5,-125
1020,42,H,Edmonton,1,2,3,6,-120,-110,-1.5,200,6.5,110,6.5,105
1020,43,V,Buffalo,3,1,2,6,230,245,1.5,-110,6.5,-120,6.5,-120
1020,44,H,Calgary,1,1,1,3,-280,-280,-1.5,-110,6.5,100,6.5,100
1020,45,V,Winnipeg,0,1,1,2,145,200,1.5,-140,6.5,-105,7,110
1020,46,H,Vegas,4,0,1,5,-170,-220,-1.5,120,6.5,-115,7,-130
1021,47,V,TampaBay,1,0,1,3,-110,-102,1.5,-240,6.5,-130,6.5,-135
1021,48,H,Florida,1,1,0,2,-110,-108,-1.5,210,6.5,110,6.5,115
1021,49,V,Detroit,2,1,0,3,-130,-115,-1.5,200,6.5,-105,6.5,100
1021,50,H,Chicago,0,1,2,4,110,105,1.5,-230,6.5,-115,6.5,-120
1021,51,V,SeattleKraken,0,2,1,3,255,210,1.5,-120,6.5,-120,6.5,-135
1021,52,H,Colorado,0,1,1,2,-315,-240,-1.5,100,6.5,100,6.5,115
1022,53,V,SanJose,0,1,0,1,145,180,1.5,-155,6.5,100,6.5,-105
1022,54,H,NewJersey,0,2,0,2,-170,-200,-1.5,135,6.5,-120,6.5,-115
1022,55,V,Minnesota,1,1,1,3,105,-110,-1.5,225,6.5,-115,6.5,-115
1022,56,H,Boston,2,1,0,4,-125,100,1.5,-255,6.5,-105,6.5,-105
1022,57,V,Arizona,0,2,0,2,175,225,1.5,-115,6.5,-105,6.5,-120
1022,58,H,Ottawa,2,1,3,6,-210,-255,-1.5,-105,6.5,-115,6.5,100
1022,59,V,St.Louis,1,0,1,2,115,140,1.5,-180,6.5,-140,7,115
1022,60,H,Edmonton,0,0,0,0,-135,-155,-1.5,160,6.5,120,7,-135
1022,61,V,LosAngeles,0,2,1,3,130,120,1.5,-210,6.5,-105,6.5,-105
1022,62,H,Washington,0,0,4,4,-150,-130,-1.5,185,6.5,-115,6.5,-115
1022,63,V,NYIslanders,1,1,1,3,140,116,1.5,-210,6,-115,6,-120
1022,64,H,TampaBay,2,2,1,5,-165,-126,-1.5,185,6,-105,6,100
1022,65,V,Pittsburgh,0,3,3,6,-170,-160,-1.5,150,6.5,-125,6.5,-125
1022,66,H,Columbus,2,1,0,3,145,145,1.5,-170,6.5,105,6.5,105
1022,67,V,Dallas,1,3,1,5,-145,-170,-1.5,155,6,-120,6,-105
1022,68,H,Montreal,1,1,0,2,125,155,1.5,-175,6,100,6,-115
1022,69,V,Toronto,1,2,1,4,-130,-170,-1.5,155,6.5,-130,6.5,-130
1022,70,H,Winnipeg,1,0,0,1,110,155,1.5,-175,6.5,110,6.5,110
1022,71,V,Philadelphia,2,0,1,3,155,195,1.5,-140,6.5,110,6,-125
1022,72,H,Nashville,0,0,1,1,-185,-215,-1.5,120,6.5,-130,6,105
1022,73,V,Colorado,1,1,1,3,-110,113,1.5,-230,6.5,-105,6.5,-125
1022,74,H,Vegas,1,0,1,2,-110,-123,-1.5,200,6.5,-115,6.5,105
1022,75,V,Carolina,2,0,0,2,115,135,1.5,-210,6,-120,6,-130
1022,76,H,Calgary,1,1,0,3,-135,-150,-1.5,185,6,100,6,110
1022,77,V,Buffalo,2,0,3,5,140,147,1.5,-190,6.5,105,6.5,-105
1022,78,H,Vancouver,0,1,0,1,-165,-162,-1.5,170,6.5,-125,6.5,-115
1023,1,V,SeattleKraken,2,2,0,4,-130,-130,-1.5,190,6.5,-105,6,100
1023,2,H,Chicago,2,1,2,5,110,120,1.5,-215,6.5,-115,6,-120
1023,3,V,NYIslanders,0,1,1,2,160,175,1.5,-150,6.5,100,6.5,-110
1023,4,H,Florida,2,0,1,3,-190,-195,-1.5,130,6.5,-120,6.5,-110
1023,5,V,Columbus,1,2,2,5,165,220,1.5,-120,6.5,-120,6.5,-130
1023,6,H,NYRangers,0,1,0,1,-195,-250,-1.5,100,6.5,100,6.5,110
1023,7,V,Anaheim,1,0,0,1,130,116,1.5,-220,6.5,-105,6.5,-105
1023,8,H,Detroit,2,1,2,5,-150,-126,-1.5,195,6.5,-115,6.5,-115
1023,9,V,SanJose,0,2,1,3,120,113,1.5,-230,6,105,6,100
1023,10,H,Philadelphia,0,0,0,0,-140,-123,-1.5,200,6,-125,6,-120
1024,11,V,Washington,1,4,1,6,105,115,1.5,-215,6.5,-110,6.5,-110
1024,12,H,NewJersey,1,0,2,3,-125,-125,-1.5,190,6.5,-110,6.5,-110
1024,13,V,Dallas,1,0,1,2,-115,102,1.5,-250,6,-120,6.5,-115
1024,14,H,Ottawa,0,1,3,4,-105,-112,-1.5,220,6,100,6.5,-105
1024,15,V,St.Louis,0,0,0,0,-115,100,1.5,-250,6,-125,6,-120
1024,16,H,Winnipeg,0,1,3,4,-105,-110,-1.5,220,6,105,6,100
1024,17,V,Pittsburgh,2,1,0,3,100,118,1.5,-210,6.5,-135,6.5,-135
1024,18,H,Edmonton,1,4,1,6,-120,-128,-1.5,185,6.5,115,6.5,115
1024,19,V,Toronto,0,1,0,1,-120,100,1.5,-240,6.5,-130,6.5,-140
1024,20,H,Vegas,1,0,2,3,100,-110,-1.5,210,6.5,110,6.5,120
1024,21,V,Carolina,1,0,2,3,-130,-158,-1.5,150,6.5,-120,6.5,100
1024,22,H,Vancouver,1,0,1,2,110,143,1.5,-170,6.5,100,6.5,-120
1025,23,V,Arizona,2,2,2,6,190,190,1.5,-135,6.5,100,6.5,-120
1025,24,H,Columbus,0,0,3,3,-235,-210,-1.5,115,6.5,-120,6.5,100
1025,25,V,Dallas,0,1,0,1,130,157,1.5,-175,6.5,100,6,100
1025,26,H,Boston,1,1,1,3,-150,-174,-1.5,155,6.5,-120,6,-120
1025,27,V,Minnesota,1,1,1,3,-170,-200,-1.5,125,6.5,-130,6.5,-120
1025,28,H,Montreal,0,1,0,1,145,180,1.5,-145,6.5,110,6.5,100
1025,29,V,NewJersey,2,2,2,6,100,-105,-1.5,230,6.5,-120,6.5,-135
1025,30,H,Detroit,1,0,1,2,-120,-105,1.5,-260,6.5,100,6.5,115
1025,31,V,Colorado,1,0,1,3,-105,-105,-1.5,230,6.5,-110,6.5,105
1025,32,H,NYRangers,0,1,1,2,-115,-105,1.5,-260,6.5,-110,6.5,-125
1025,33,V,Florida,0,0,2,2,-225,-240,-1.5,100,7,105,6.5,100
1025,34,H,Chicago,2,1,1,4,185,210,1.5,-120,7,-125,6.5,-120
1025,35,V,Pittsburgh,0,1,0,1,135,175,1.5,-165,6.5,-125,6.5,-125
1025,36,H,Calgary,2,2,0,4,-160,-195,-1.5,145,6.5,105,6.5,105
1025,37,V,Buffalo,0,1,0,1,105,125,1.5,-210,6.5,-135,6.5,-130
1025,38,H,SeattleKraken,2,2,1,5,-125,-135,-1.5,185,6.5,115,6.5,110
1025,39,V,Vegas,1,0,3,4,-185,-156,-1.5,150,6.5,-105,6.5,105
1025,40,H,SanJose,0,2,0,2,155,141,1.5,-170,6.5,-115,6.5,-125
1025,41,V,TampaBay,1,0,1,2,-120,-136,-1.5,185,6.5,-105,6.5,105
1025,42,H,LosAngeles,1,2,1,4,100,126,1.5,-210,6.5,-115,6.5,-125
1026,43,V,NYRangers,0,0,0,0,-105,135,1.5,-190,6,-110,6,-110
1026,44,H,NYIslanders,0,1,2,3,-115,-150,-1.5,170,6,-110,6,-110
1026,45,V,Edmonton,1,0,2,3,-105,-110,-1.5,220,6.5,-130,6.5,-115
1026,46,H,St.Louis,0,1,0,1,-115,100,1.5,-250,6.5,110,6.5,-105
1026,47,V,TampaBay,2,0,2,4,-170,-136,-1.5,170,6.5,100,6.5,-125
1026,48,H,Anaheim,1,1,0,2,145,126,1.5,-190,6.5,-120,6.5,105
1027,49,V,Florida,2,0,1,3,-210,-194,-1.5,120,6.5,-120,6.5,100
1027,50,H,Philadelphia,2,2,0,4,175,174,1.5,-140,6.5,100,6.5,-120
1027,51,V,Montreal,1,0,2,3,125,160,1.5,-160,6.5,-125,6.5,-130
1027,52,H,Buffalo,0,1,1,2,-145,-180,-1.5,140,6.5,105,6.5,110
1027,53,V,Minnesota,2,1,1,4,-120,-128,-1.5,180,6.5,-130,6.5,-120
1027,54,H,Ottawa,1,0,1,2,100,118,1.5,-205,6.5,110,6.5,100
1027,55,V,Detroit,0,1,0,1,180,210,1.5,-125,6,-125,6.5,100
1027,56,H,Boston,1,1,3,5,-220,-240,-1.5,105,6,105,6.5,-120
1027,57,V,St.Louis,1,1,0,2,125,155,1.5,-180,6.5,100,6,-110
1027,58,H,Nashville,1,2,3,6,-145,-170,-1.5,160,6.5,-120,6,-110
1027,59,V,Edmonton,1,2,3,6,-225,-195,-1.5,115,6.5,-115,6.5,-110
1027,60,H,Chicago,2,2,1,5,185,175,1.5,-135,6.5,-105,6.5,-110
1027,61,V,Washington,0,0,0,0,115,112,1.5,-220,6,-125,6,100
1027,62,H,Dallas,1,0,1,2,-135,-122,-1.5,195,6,105,6,-120
1027,63,V,Vancouver,1,2,2,5,110,108,1.5,-210,6.5,100,6.5,-105
1027,64,H,SeattleKraken,2,1,1,4,-130,-118,-1.5,185,6.5,-120,6.5,-115
1027,65,V,Winnipeg,2,2,2,6,110,130,1.5,-210,6,-120,6,-115
1027,66,H,LosAngeles,3,0,1,4,-130,-140,-1.5,185,6,100,6,-105
1027,67,V,Toronto,1,1,1,3,-220,-220,-1.5,115,6.5,100,6.5,100
1027,68,H,SanJose,1,2,0,4,180,200,1.5,-135,6.5,-120,6.5,-120
1028,69,V,Anaheim,0,0,0,0,240,240,1.5,100,6.5,100,6.5,-105
1028,70,H,Vegas,1,3,0,4,-300,-270,-1.5,-120,6.5,-120,6.5,-115
1028,71,V,NYIslanders,1,2,3,6,165,165,1.5,-160,6,105,6,105
1028,72,H,Carolina,0,2,0,2,-195,-185,-1.5,140,6,-125,6,-125
1028,73,V,Colorado,0,0,0,0,-135,-120,-1.5,180,6.5,-125,6.5,-115
1028,74,H,NewJersey,0,0,1,1,115,110,1.5,-205,6.5,105,6.5,-105
1028,75,V,Boston,1,3,0,4,-170,-135,-1.5,170,6.5,-120,6.5,100
1028,76,H,Columbus,0,0,0,0,145,125,1.5,-190,6.5,100,6.5,-120
1028,77,V,Pittsburgh,0,1,0,1,-150,-185,-1.5,140,6.5,-120,6.5,-105
1028,78,H,Vancouver,1,1,3,5,130,165,1.5,-160,6.5,100,6.5,-115
1028,79,V,Winnipeg,1,0,1,3,-180,-145,-1.5,165,6.5,-125,6.5,-110
1028,80,H,Arizona,2,0,0,2,150,132,1.5,-185,6.5,105,6.5,-110
1029,1,V,NYRangers,1,2,3,6,105,-110,1.5,-280,6,100,5.5,-120
1029,2,H,Dallas,1,2,0,3,-125,100,-1.5,240,6,-120,5.5,100
1029,3,V,Ottawa,0,2,1,3,170,170,1.5,-145,7,110,6.5,-120
1029,4,H,Florida,2,1,2,5,-200,-190,-1.5,125,7,-130,6.5,100
1029,5,V,TampaBay,2,1,1,4,-200,-190,-1.5,130,6.5,105,6,105
1029,6,H,SanJose,1,1,1,3,170,170,1.5,-150,6.5,-125,6,-125
1029,7,V,Carolina,2,0,1,4,-180,-190,-1.5,135,6.5,-110,6,100
1029,8,H,Philadelphia,0,2,1,3,150,170,1.5,-155,6.5,-110,6,-120
1029,9,V,Toronto,1,1,0,2,-145,-138,-1.5,170,6.5,-120,6.5,-120
1029,10,H,LosAngeles,0,3,1,4,125,128,1.5,-190,6.5,100,6.5,100
1029,11,V,Montreal,1,3,3,7,255,205,1.5,-125,6.5,-120,6,-110
1029,12,H,St.Louis,1,2,1,4,-315,-230,-1.5,105,6.5,100,6,-110
1029,13,V,Chicago,1,2,0,3,140,157,1.5,-160,6.5,-120,6.5,-110
1029,14,H,Buffalo,1,0,2,4,-165,-174,-1.5,140,6.5,100,6.5,-110
1029,15,V,Minnesota,1,0,0,1,-160,-150,-1.5,165,6.5,100,6.5,-110
1029,16,H,Detroit,1,1,0,2,135,135,1.5,-185,6.5,-120,6.5,-110
1029,17,V,Colorado,0,3,1,4,-130,-130,-1.5,190,6,-115,6,100
1029,18,H,NYIslanders,0,1,4,5,110,120,1.5,-215,6,-105,6,-120
1029,19,V,Washington,0,1,2,3,-105,117,1.5,-215,6.5,100,6,-115
1029,20,H,Nashville,0,0,0,0,-115,-127,-1.5,190,6.5,-120,6,-105
1029,21,V,Edmonton,0,1,2,3,115,135,1.5,-185,6.5,-130,6.5,-120
1029,22,H,Calgary,0,2,0,2,-135,-150,-1.5,165,6.5,110,6.5,100
1029,23,V,Pittsburgh,0,1,0,1,-160,-126,-1.5,185,6.5,-110,6.5,-115
1029,24,H,SeattleKraken,0,2,1,3,135,116,1.5,-210,6.5,-110,6.5,-105
1030,25,V,Columbus,0,1,0,1,160,170,1.5,-145,6.5,-120,6.5,-105
1030,26,H,NewJersey,1,3,3,7,-190,-190,-1.5,125,6.5,100,6.5,-115
1030,27,V,Minnesota,2,0,1,4,-185,-220,-1.5,100,6.5,-120,6.5,105
1030,28,H,Chicago,1,1,1,3,155,200,1.5,-120,6.5,100,6.5,-125
1030,29,V,Toronto,2,0,1,3,-185,-170,-1.5,145,6.5,-135,6.5,-120
1030,30,H,Anaheim,1,0,2,4,155,155,1.5,-165,6.5,115,6.5,100
1030,31,V,NYRangers,0,2,1,3,-195,-250,-1.5,-105,6.5,-115,6.5,-105
1030,32,H,Arizona,0,2,0,2,165,220,1.5,-115,6.5,-105,6.5,-115
1030,33,V,Winnipeg,0,0,1,1,155,165,1.5,-160,6,-120,6.5,100
1030,34,H,Vegas,0,0,1,2,-185,-185,-1.5,140,6,100,6.5,-120
1031,35,V,Washington,0,2,0,2,155,170,1.5,-155,6.5,-120,6,-105
1031,36,H,Carolina,1,1,0,3,-185,-190,-1.5,135,6.5,100,6,-115
1031,37,V,Detroit,0,2,1,3,120,135,1.5,-185,6.5,-105,6.5,-120
1031,38,H,Buffalo,1,3,4,8,-140,-150,-1.5,165,6.5,-115,6.5,100
1031,39,V,LosAngeles,1,4,0,5,125,110,1.5,-230,6,-115,6,-105
1031,40,H,St.Louis,0,1,0,1,-145,-120,-1.5,200,6,-105,6,-115
1101,41,V,Ottawa,1,1,1,3,165,165,1.5,-150,6.5,-110,6.5,-110
1101,42,H,TampaBay,0,1,3,4,-195,-185,-1.5,130,6.5,-110,6.5,-110
1101,43,V,Philadelphia,0,0,0,0,195,220,1.5,-120,6,-110,6,100
1101,44,H,NYRangers,0,0,0,1,-245,-250,-1.5,100,6,-110,6,-120
1101,45,V,Vegas,1,0,1,3,-125,-168,-1.5,150,6,-120,6,-125
1101,46,H,Washington,1,1,0,2,105,153,1.5,-170,6,100,6,105
1101,47,V,Boston,2,1,2,6,-105,107,1.5,-235,6.5,100,6.5,105
1101,48,H,Pittsburgh,1,4,0,5,-115,-117,-1.5,205,6.5,-120,6.5,-125
1101,49,V,Montreal,0,0,1,1,200,220,1.5,-130,6.5,-110,6.5,-105
1101,50,H,Minnesota,0,3,1,4,-250,-250,-1.5,110,6.5,-110,6.5,-115
1101,51,V,NYIslanders,1,0,2,3,-180,-190,-1.5,135,6,-110,6,-105
1101,52,H,Chicago,0,0,1,1,150,170,1.5,-155,6,-110,6,-115
1101,53,V,LosAngeles,0,2,0,2,120,120,1.5,-210,6,-120,6,-125
1101,54,H,Dallas,1,4,0,5,-140,-130,-1.5,185,6,100,6,105
1101,55,V,Nashville,1,1,2,4,145,147,1.5,-175,6.5,-120,6.5,-120
1101,56,H,Edmonton,4,1,2,7,-170,-162,-1.5,155,6.5,100,6.5,100
1101,57,V,SeattleKraken,1,1,3,5,180,195,1.5,-140,6,-115,6.5,-115
1101,58,H,Calgary,0,2,2,4,-220,-215,-1.5,120,6,-105,6.5,-105
1101,59,V,NewJersey,2,2,1,5,-110,-113,-1.5,215,6.5,-105,6.5,-110
1101,60,H,Vancouver,0,1,1,2,-110,103,1.5,-245,6.5,-115,6.5,-110
1101,61,V,Florida,0,1,0,1,-270,-290,-1.5,-120,6.5,-120,6.5,-105
1101,62,H,Arizona,0,1,2,3,220,250,1.5,100,6.5,100,6.5,-115
1101,63,V,Anaheim,3,1,1,6,115,117,1.5,-220,6,-110,6,-105
1101,64,H,SanJose,2,2,1,5,-135,-127,-1.5,195,6,-110,6,-115
1102,65,V,Philadelphia,1,0,1,2,255,270,1.5,115,7,110,6.5,-105
1102,66,H,Toronto,2,0,3,5,-315,-310,-1.5,-135,7,-130,6.5,-115
1102,67,V,Pittsburgh,1,1,1,3,-125,-115,-1.5,205,6.5,-105,6.5,-125
1102,68,H,Buffalo,0,1,5,6,105,105,1.5,-235,6.5,-115,6.5,105
1103,1,V,Carolina,1,1,1,4,125,-103,1.5,-240,6.5,-110,6,-110
1103,2,H,TampaBay,0,3,0,3,-145,-107,-1.5,210,6.5,-110,6,-110
1103,3,V,Vegas,3,2,0,5,-140,-138,-1.5,175,6.5,-110,6.5,-110
1103,4,H,Ottawa,1,2,1,4,120,128,1.5,-200,6.5,-110,6.5,-110
1103,5,V,Boston,1,0,4,5,115,122,1.5,-210,6,-115,6,-110
1103,6,H,NYRangers,0,1,1,2,-135,-132,-1.5,185,6,-105,6,-110
1103,7,V,Washington,0,1,0,1,-130,-120,-1.5,195,6.5,-110,6,-105
1103,8,H,Detroit,0,1,2,3,110,110,1.5,-220,6.5,-110,6,-115
1103,9,V,SeattleKraken,0,3,1,4,180,147,1.5,-170,6.5,-110,6.5,-115
1103,10,H,Minnesota,0,0,0,0,-220,-162,-1.5,150,6.5,-110,6.5,-105
1103,11,V,Montreal,1,1,0,2,175,180,1.5,-135,6.5,-105,6,-120
1103,12,H,Winnipeg,1,1,0,3,-210,-200,-1.5,115,6.5,-115,6,100
1103,13,V,NYIslanders,0,4,1,5,100,100,1.5,-240,6,-105,6,100
1103,14,H,St.Louis,1,0,1,2,-120,-110,-1.5,210,6,-115,6,-120
1103,15,V,LosAngeles,0,1,0,1,-160,-177,-1.5,140,6.5,-105,6,-120
1103,16,H,Chicago,0,1,0,2,135,158,1.5,-160,6.5,-115,6,100
1103,17,V,NewJersey,1,0,3,4,135,135,1.5,-175,7,110,7,110
1103,18,H,Edmonton,1,2,0,3,-160,-150,-1.5,155,7,-130,7,-130
1103,19,V,Nashville,1,2,1,4,145,220,1.5,-120,6.5,-105,6.5,-115
1103,20,H,Calgary,0,0,1,1,-170,-250,-1.5,100,6.5,-115,6.5,-105
1103,21,V,Dallas,4,1,2,7,-195,-215,-1.5,120,6,-110,6,-105
1103,22,H,Arizona,0,0,2,2,165,195,1.5,-140,6,-110,6,-115
1103,23,V,Anaheim,1,1,3,5,135,150,1.5,-165,6,-120,6.5,-105
1103,24,H,Vancouver,1,2,5,8,-160,-165,-1.5,145,6,100,6.5,-115
1103,25,V,Florida,1,1,1,4,-225,-200,-1.5,115,6.5,-120,6.5,100
1103,26,H,SanJose,0,0,3,3,185,180,1.5,-135,6.5,100,6.5,-120
1104,27,N,Columbus,0,2,1,3,215,220,1.5,-120,6.5,-125,6.5,100
1104,28,N,Colorado,2,1,3,6,-265,-250,-1.5,100,6.5,105,6.5,-120
1104,29,V,Buffalo,2,0,1,3,180,180,1.5,-145,6.5,-110,6.5,-110
1104,30,H,Carolina,2,1,2,5,-220,-200,-1.5,125,6.5,-110,6.5,-110
1105,31,N,Colorado,1,3,1,5,-250,-240,-1.5,110,6.5,-125,6.5,-125
1105,32,N,Columbus,1,0,0,1,200,210,1.5,-130,6.5,105,6.5,105
1105,33,V,NYIslanders,0,0,0,0,-130,-120,-1.5,210,5.5,-125,6,-105
1105,34,H,Detroit,0,2,1,3,110,110,1.5,-240,5.5,105,6,-115
1105,35,V,Chicago,0,0,0,0,190,200,1.5,-130,6.5,-105,6.5,100
1105,36,H,Winnipeg,0,3,1,4,-235,-220,-1.5,110,6.5,-115,6.5,-120
1105,37,V,Dallas,1,3,2,6,135,145,1.5,-170,6.5,-130,6.5,-130
1105,38,H,Edmonton,0,1,1,2,-160,-160,-1.5,150,6.5,110,6.5,110
1105,39,V,Philadelphia,1,1,0,2,145,160,1.5,-165,6.5,-110,6.5,-105
1105,40,H,Ottawa,1,0,0,1,-170,-180,-1.5,145,6.5,-110,6.5,-115
1105,41,V,Boston,0,1,0,1,110,122,1.5,-220,6.5,-125,6.5,-125
1105,42,H,Toronto,1,1,0,2,-130,-132,-1.5,195,6.5,105,6.5,105
1105,43,V,Vegas,1,1,4,6,-210,-205,-1.5,125,6.5,-105,6.5,100
1105,44,H,Montreal,1,0,3,4,175,185,1.5,-145,6.5,-115,6.5,-120
1105,45,V,SeattleKraken,0,1,2,3,175,170,1.5,-145,6.5,-120,6.5,-110
1105,46,H,Pittsburgh,0,1,1,2,-210,-190,-1.5,125,6.5,100,6.5,-110
1105,47,V,Arizona,0,0,3,3,240,250,1.5,-105,6.5,-115,6,-120
1105,48,H,Washington,0,1,1,2,-300,-290,-1.5,-115,6.5,-105,6,100
1105,49,V,Buffalo,1,1,1,3,200,210,1.5,-120,6.5,-120,6.5,-125
1105,50,H,TampaBay,1,1,3,5,-250,-240,-1.5,100,6.5,100,6.5,105
1105,51,V,Nashville,0,1,2,4,110,105,1.5,-240,6.5,-120,6.5,100
1105,52,H,Vancouver,3,0,0,3,-130,-115,-1.5,210,6.5,100,6.5,-120
1105,53,V,NewJersey,3,0,0,4,140,147,1.5,-165,6.5,-120,6.5,-120
1105,54,H,Calgary,1,1,1,3,-165,-162,-1.5,145,6.5,100,6.5,100
1105,55,V,Florida,1,1,2,4,-165,-122,-1.5,175,6.5,-120,6.5,-105
1105,56,H,LosAngeles,0,3,2,5,140,112,1.5,-200,6.5,100,6.5,-115
1105,57,V,Anaheim,2,0,2,5,125,127,1.5,-200,6.5,-115,6.5,-105
1105,58,H,SanJose,1,2,1,4,-145,-137,-1.5,175,6.5,-105,6.5,-115
1106,59,V,Toronto,0,1,2,3,130,142,1.5,-180,6.5,-125,6.5,-120
1106,60,H,Carolina,1,0,0,1,-150,-157,-1.5,160,6.5,105,6.5,100
1106,61,V,Detroit,0,2,0,3,190,200,1.5,-125,6.5,-105,6.5,-115
1106,62,H,NYRangers,2,0,0,2,-235,-220,-1.5,105,6.5,-115,6.5,-105
1106,63,V,Florida,1,1,3,5,-220,-190,-1.5,125,6.5,-130,6.5,100
1106,64,H,Anaheim,0,2,1,3,180,170,1.5,-145,6.5,110,6.5,-120
1107,65,V,Calgary,2,1,0,3,-120,-120,-1.5,210,6,-115,6,-105
1107,66,H,NYIslanders,1,0,2,4,100,110,1.5,-240,6,-105,6,-115
1107,67,V,St.Louis,0,1,0,1,155,165,1.5,-145,6.5,-110,6.5,105
1107,68,H,Boston,1,0,2,3,-185,-185,-1.5,125,6.5,-110,6.5,-125
1107,69,V,Edmonton,0,2,2,4,-130,-165,-1.5,155,6.5,-125,6.5,-105
1107,70,H,Washington,1,3,1,5,110,150,1.5,-175,6.5,105,6.5,-115
1108,1,V,Vancouver,1,1,4,6,110,105,1.5,-220,6.5,-130,6.5,-140
1108,2,H,Ottawa,2,0,2,4,-130,-115,-1.5,195,6.5,110,6.5,120
1108,3,V,St.Louis,0,0,1,1,-135,-125,-1.5,195,6.5,-110,6,-110
1108,4,H,Philadelphia,0,3,2,5,115,115,1.5,-220,6.5,-110,6,-110
1108,5,V,NYIslanders,1,0,3,4,145,152,1.5,-175,6.5,100,6,-110
1108,6,H,NYRangers,1,2,0,3,-170,-167,-1.5,155,6.5,-120,6,-110
1108,7,V,Calgary,1,0,1,2,100,117,1.5,-215,6.5,-120,6.5,-105
1108,8,H,NewJersey,0,2,1,3,-120,-127,-1.5,190,6.5,100,6.5,-115
1108,9,V,Arizona,2,0,2,4,165,205,1.5,-120,6.5,-120,6.5,-120
1108,10,H,Buffalo,1,0,0,1,-195,-230,-1.5,100,6.5,100,6.5,100
1108,11,V,Vegas,2,0,1,4,110,100,1.5,-240,6.5,-110,6.5,-110
1108,12,H,Toronto,1,2,0,3,-130,-110,-1.5,210,6.5,-110,6.5,-110
1108,13,V,Montreal,2,0,0,3,145,140,1.5,-175,6.5,-110,6,-115
1108,14,H,Detroit,1,0,1,2,-170,-155,-1.5,155,6.5,-110,6,-105
1108,15,V,Edmonton,1,2,0,3,130,150,1.5,-165,6.5,-135,6.5,-135
1108,16,H,TampaBay,1,0,1,2,-150,-165,-1.5,145,6.5,115,6.5,115
1108,17,V,Dallas,0,1,0,1,-120,-112,-1.5,225,6,-110,6,-110
1108,18,H,Winnipeg,0,4,1,5,100,102,1.5,-255,6,-110,6,-110
1108,19,V,Nashville,0,1,0,1,-110,-104,1.5,-260,6,-110,6,-115
1108,20,H,SeattleKraken,4,0,1,5,-110,-106,-1.5,230,6,-110,6,-105
1108,21,V,Minnesota,0,0,0,0,-105,100,1.5,-250,6.5,100,6.5,-110
1108,22,H,LosAngeles,0,0,1,1,-115,-110,-1.5,220,6.5,-120,6.5,-110
1109,23,V,Carolina,0,0,0,0,-105,-115,-1.5,215,6.5,-125,6.5,-120
1109,24,H,Florida,1,0,2,3,-115,105,1.5,-245,6.5,105,6.5,100
1109,25,V,Pittsburgh,0,3,1,4,-135,-120,-1.5,205,6.5,-120,6.5,105
1109,26,H,Washington,0,0,1,1,115,110,1.5,-235,6.5,100,6.5,-125
1109,27,V,Vancouver,0,0,2,2,-130,-160,-1.5,160,6.5,-130,6.5,-125
1109,28,H,Montreal,3,1,1,5,110,145,1.5,-180,6.5,110,6.5,105
1109,29,V,Minnesota,0,1,3,4,-170,-153,-1.5,165,6.5,100,6.5,-110
1109,30,H,Anaheim,0,1,0,1,145,138,1.5,-185,6.5,-120,6.5,-110
1110,31,V,Calgary,1,0,0,1,140,160,1.5,-155,6,-115,6,-115
1110,32,H,Boston,1,1,1,3,-165,-180,-1.5,135,6,-105,6,-105
1110,33,V,Edmonton,0,1,1,2,130,118,1.5,-185,6.5,-120,6.5,-125
1110,34,H,Carolina,1,3,3,7,-150,-128,-1.5,165,6.5,100,6.5,105
1110,35,V,Ottawa,2,0,1,3,140,160,1.5,-155,6.5,-120,6.5,-115
1110,36,H,NewJersey,2,1,0,4,-165,-180,-1.5,135,6.5,100,6.5,-105
1110,37,V,Vegas,1,2,4,7,-160,-165,-1.5,155,6.5,-110,6.5,-105
1110,38,H,Buffalo,1,1,2,4,135,150,1.5,-175,6.5,-110,6.5,-115
1110,39,V,Philadelphia,0,1,1,2,110,100,1.5,-250,6.5,-110,6.5,105
1110,40,H,Columbus,2,1,2,5,-130,-110,-1.5,220,6.5,-110,6.5,-125
1110,41,V,Arizona,0,0,2,2,235,245,1.5,-110,6,-115,6,-105
1110,42,H,NYIslanders,0,0,0,0,-290,-280,-1.5,-110,6,-105,6,-115
1110,43,V,NYRangers,1,1,6,8,-160,-150,-1.5,165,6,-105,6,100
1110,44,H,Detroit,1,1,0,2,135,135,1.5,-185,6,-115,6,-120
1110,45,V,SanJose,1,1,1,3,150,147,1.5,-180,6.5,100,6,-110
1110,46,H,St.Louis,1,2,2,5,-180,-162,-1.5,160,6.5,-120,6,-110
1110,47,V,Nashville,1,1,1,3,180,174,1.5,-150,6.5,-120,6.5,-105
1110,48,H,Colorado,1,4,0,5,-220,-194,-1.5,130,6.5,100,6.5,-115
1110,49,V,Chicago,1,0,0,1,225,230,1.5,-110,6.5,-110,6.5,100
1110,50,H,LosAngeles,0,1,0,2,-275,-260,-1.5,-110,6.5,-110,6.5,-120
1111,51,V,Pittsburgh,1,1,2,4,135,132,1.5,-180,6.5,-130,6.5,-115
1111,52,H,Toronto,1,1,0,2,-160,-145,-1.5,160,6.5,110,6.5,-105
1111,53,V,TampaBay,0,0,1,1,-150,-135,-1.5,175,6.5,-130,6,110
1111,54,H,Washington,1,2,2,5,130,125,1.5,-200,6.5,110,6,-130
1111,55,V,SanJose,2,2,1,5,170,200,1.5,-130,6.5,-110,6,-110
1111,56,H,Dallas,2,0,2,4,-200,-220,-1.5,110,6.5,-110,6,-110
1111,57,V,Minnesota,1,0,0,1,-120,-120,-1.5,200,6,-120,6,100
1111,58,H,SeattleKraken,0,0,0,0,100,110,1.5,-230,6,100,6,-120
1112,59,V,Ottawa,1,1,2,4,-125,-117,-1.5,220,6.5,100,6.5,100
1112,60,H,Philadelphia,1,0,0,1,105,107,1.5,-250,6.5,-120,6.5,-120
1112,61,V,Edmonton,0,1,3,4,135,145,1.5,-170,6.5,-130,7,110
1112,62,H,Florida,0,0,2,2,-160,-160,-1.5,150,6.5,110,7,-130
1112,63,V,Pittsburgh,0,2,2,4,-150,-160,-1.5,155,6.5,-110,6.5,-110
1112,64,H,Montreal,1,0,3,5,130,145,1.5,-175,6.5,-110,6.5,-110
1112,65,V,Boston,0,1,2,3,-185,-170,-1.5,150,6.5,-105,6.5,-120
1112,66,H,Buffalo,1,0,0,1,155,155,1.5,-170,6.5,-115,6.5,100
1112,67,V,Vancouver,2,0,0,2,160,155,1.5,-165,6.5,-120,6.5,-135
1112,68,H,Toronto,0,3,0,3,-190,-170,-1.5,145,6.5,100,6.5,115
1112,69,V,Arizona,1,1,0,2,250,240,1.5,100,6.5,-110,6.5,-110
1112,70,H,NewJersey,2,2,0,4,-310,-270,-1.5,-120,6.5,-110,6.5,-110
1112,71,V,Columbus,0,2,1,3,180,205,1.5,-125,6,-120,6,-105
1112,72,H,NYIslanders,0,2,1,4,-220,-230,-1.5,105,6,100,6,-115
1112,73,V,NYRangers,0,1,0,1,-140,104,1.5,-245,6,-110,6,-130
1112,74,H,Nashville,1,1,0,2,120,-114,-1.5,215,6,-110,6,110
1112,75,V,Carolina,0,1,0,1,115,106,1.5,-230,6.5,-110,6.5,110
1112,76,H,Colorado,2,0,2,4,-135,-116,-1.5,200,6.5,-110,6.5,-130
1112,77,V,St.Louis,1,2,0,3,175,180,1.5,-145,6.5,-110,6.5,-110
1112,78,H,Vegas,1,1,0,2,-210,-200,-1.5,125,6.5,-110,6.5,-110
1112,79,V,Winnipeg,1,1,0,2,120,145,1.5,-180,6.5,-110,6,-110
1112,80,H,Calgary,2,1,0,3,-140,-160,-1.5,160,6.5,-110,6,-110
1112,81,V,Chicago,1,1,1,3,120,129,1.5,-205,6.5,-105,6.5,-105
1112,82,H,Anaheim,2,0,0,2,-140,-139,-1.5,180,6.5,-115,6.5,-115
1112,83,V,Detroit,1,0,2,3,175,185,1.5,-145,6.5,-105,6,-125
1112,84,H,LosAngeles,2,2,0,4,-210,-205,-1.5,125,6.5,-115,6,105
1113,1,V,Dallas,2,1,2,5,-160,-190,-1.5,140,6.5,-105,6.5,100
1113,2,H,Philadelphia,0,1,0,1,135,170,1.5,-160,6.5,-115,6.5,-120
1113,3,V,SanJose,0,0,2,3,230,180,1.5,-145,6,-110,6,-115
1113,4,H,Minnesota,1,0,1,2,-280,-200,-1.5,125,6,-110,6,-105
1113,5,V,Vancouver,1,0,1,2,180,200,1.5,-130,6.5,-105,6.5,-105
1113,6,H,Boston,2,2,1,5,-220,-220,-1.5,110,6.5,-115,6.5,-115
1113,7,V,Arizona,0,0,1,1,255,300,1.5,130,6.5,-105,6,-120
1113,8,H,NYRangers,0,2,2,4,-315,-350,-1.5,-150,6.5,-115,6,100
1113,9,V,Washington,0,1,2,3,155,160,1.5,-165,6,-110,6,105
1113,10,H,TampaBay,4,0,2,6,-185,-180,-1.5,145,6,-110,6,-125
1113,11,V,Winnipeg,0,1,1,3,100,145,1.5,-200,6.5,-105,6,-110
1113,12,H,SeattleKraken,1,0,1,2,-120,-160,-1.5,175,6.5,-115,6,-110
1114,13,V,NYIslanders,1,1,2,4,-115,-108,-1.5,225,5.5,-120,6,-125
1114,14,H,Ottawa,0,1,1,2,-105,-102,1.5,-255,5.5,100,6,105
1114,15,V,LosAngeles,2,1,2,5,140,155,1.5,-170,6,-115,6,-115
1114,16,H,Calgary,4,2,0,6,-165,-170,-1.5,150,6,-105,6,-105
1114,17,V,Carolina,2,1,0,3,-220,-230,-1.5,115,6,-110,6,100
1114,18,H,Chicago,0,0,0,0,180,205,1.5,-135,6,-110,6,-120
1114,19,V,St.Louis,0,2,1,3,190,165,1.5,-145,6.5,-105,6,-120
1114,20,H,Colorado,0,1,1,2,-235,-185,-1.5,125,6.5,-115,6,100
1115,21,V,Washington,0,1,1,2,150,180,1.5,-145,6.5,-115,6.5,110
1115,22,H,Florida,1,1,3,5,-180,-200,-1.5,125,6.5,-105,6.5,-130
1115,23,V,Dallas,1,2,1,4,160,116,1.5,-205,6,-125,6,-110
1115,24,H,TampaBay,1,2,1,5,-190,-126,-1.5,180,6,105,6,-110
1115,25,V,Toronto,2,2,1,5,-110,-111,-1.5,215,6.5,-130,6.5,-125
1115,26,H,Pittsburgh,0,2,0,2,-110,101,1.5,-245,6.5,110,6.5,105
1115,27,V,Vancouver,2,3,0,5,-110,-103,1.5,-255,6.5,-120,6.5,-130
1115,28,H,Buffalo,1,2,1,4,-110,-107,-1.5,225,6.5,100,6.5,110
1115,29,V,NewJersey,0,3,2,5,-145,-185,-1.5,140,6.5,-120,6.5,-110
1115,30,H,Montreal,0,1,0,1,125,165,1.5,-160,6.5,100,6.5,-110
1115,31,V,Philadelphia,0,2,2,4,115,-110,-1.5,225,6.5,-115,6,-115
1115,32,H,Columbus,1,1,2,5,-135,100,1.5,-255,6.5,-105,6,-105
1115,33,V,Minnesota,0,0,1,1,-105,-105,-1.5,230,6.5,-110,6,100
1115,34,H,Nashville,2,0,0,2,-115,-105,1.5,-260,6.5,-110,6,-120
1115,35,V,SanJose,0,1,4,5,190,245,1.5,-115,6.5,-110,6.5,100
1115,36,H,Vegas,1,1,0,2,-235,-280,-1.5,-105,6.5,-110,6.5,-120
1115,37,V,Detroit,1,1,0,2,-105,-110,-1.5,220,6,100,6.5,-105
1115,38,H,Anaheim,1,0,1,3,-115,100,1.5,-250,6,-120,6.5,-115
1116,39,V,Buffalo,0,1,0,1,135,143,1.5,-175,6.5,-120,6.5,-130
1116,40,H,Ottawa,1,1,2,4,-160,-158,-1.5,155,6.5,100,6.5,110
1116,41,V,St.Louis,1,3,1,5,-165,-170,-1.5,155,6,100,6,100
1116,42,H,Chicago,0,2,0,2,140,155,1.5,-175,6,-120,6,-120
1116,43,V,LosAngeles,1,1,1,3,135,132,1.5,-200,6.5,-130,6.5,-35
1116,44,H,Edmonton,0,1,0,1,-160,-145,-1.5,175,6.5,110,6.5,115
1117,45,V,Montreal,0,2,2,4,100,-102,1.5,-250,6.5,-120,6.5,-110
1117,46,H,Columbus,2,0,4,6,-120,-108,-1.5,220,6.5,100,6.5,-110
1117,47,V,Philadelphia,0,0,1,1,235,290,1.5,105,6,-120,6,-110
1117,48,H,Boston,0,1,3,4,-290,-340,-1.5,-125,6,100,6,-110
1117,49,V,Calgary,0,0,1,1,130,109,1.5,-220,6.5,-110,6,-110
1117,50,H,TampaBay,1,1,2,4,-150,-119,-1.5,195,6.5,-110,6,-110
1117,51,V,NewJersey,1,1,0,3,125,130,1.5,-190,6.5,-130,6.5,-120
1117,52,H,Toronto,1,0,1,2,-145,-140,-1.5,170,6.5,110,6.5,100
1117,53,V,Dallas,4,1,1,6,145,145,1.5,-170,6.5,-115,6.5,-105
1117,54,H,Florida,0,3,1,4,-170,-160,-1.5,150,6.5,-105,6.5,-115
1117,55,V,Colorado,1,1,0,3,110,120,1.5,-220,6,-120,6,-110
1117,56,H,Carolina,0,1,1,2,-130,-130,-1.5,195,6,100,6,-110
1117,57,V,Anaheim,1,0,1,2,165,185,1.5,-140,6,-115,6,-115
1117,58,H,Winnipeg,0,1,2,3,-195,-205,-1.5,120,6,-105,6,-105
1117,59,V,Washington,0,2,2,4,110,100,1.5,-240,6.5,-110,6,-120
1117,60,H,St.Louis,3,1,0,5,-130,-110,-1.5,210,6.5,-110,6,100
1117,61,V,Pittsburgh,2,1,3,6,-105,-107,-1.5,220,6,-115,6.5,-110
1117,62,H,Minnesota,0,2,2,4,-115,-103,1.5,-250,6,-105,6.5,-110
1117,63,V,NYIslanders,1,1,2,4,-110,102,1.5,-240,6,100,6,100
1117,64,H,Nashville,3,1,1,5,-110,-112,-1.5,210,6,-120,6,-120
1117,65,V,NYRangers,1,0,1,2,-125,-139,-1.5,185,6,-105,6,100
1117,66,H,SeattleKraken,1,0,1,3,105,129,1.5,-210,6,-115,6,-120
1117,67,V,Arizona,0,0,1,1,295,330,1.5,125,6.5,-110,6.5,-110
1117,68,H,Vegas,0,1,3,4,-370,-400,-1.5,-145,6.5,-110,6.5,-110
1117,69,V,Detroit,1,2,4,7,115,110,1.5,-220,6,-110,6,-105
1117,70,H,SanJose,2,0,2,4,-135,-120,-1.5,195,6,-110,6,-115
1118,71,V,LosAngeles,0,1,0,1,-115,102,-1.5,235,6.5,-105,6.5,-105
1118,72,H,Vancouver,0,3,1,4,-105,-112,1.5,-270,6.5,-115,6.5,-115
1119,1,V,NewJersey,2,2,1,5,-130,-125,-1.5,195,6.5,-130,6.5,-130
1119,2,H,Ottawa,0,1,0,1,110,115,1.5,-220,6.5,110,6.5,110
1119,3,V,Calgary,1,2,1,5,110,121,1.5,-210,6.5,-115,6,-120
1119,4,H,Florida,0,2,2,4,-130,-131,-1.5,185,6.5,-105,6,100
1119,5,V,Detroit,1,3,2,6,-135,-131,-1.5,185,6.5,-115,6.5,-115
1119,6,H,Columbus,0,1,0,1,115,121,1.5,-210,6.5,-105,6.5,-105
1119,7,V,Pittsburgh,0,0,3,3,-115,-118,-1.5,220,6.5,-105,6.5,-105
1119,8,H,Winnipeg,0,0,0,0,-105,108,1.5,-250,6.5,-115,6.5,-115
1119,9,V,Colorado,1,1,2,4,-150,-118,-1.5,195,6.5,100,6,-115
1119,10,H,Washington,0,0,0,0,130,108,1.5,-220,6.5,-120,6,-105
1119,11,V,Buffalo,0,1,1,2,230,245,1.5,100,6.5,-120,6.5,100
1119,12,H,Toronto,3,1,1,5,-280,-280,-1.5,-120,6.5,100,6.5,-120
1119,13,V,Philadelphia,2,1,1,4,115,116,1.5,-215,6,-120,6,-120
1119,14,H,Montreal,2,1,1,5,-135,-126,-1.5,190,6,100,6,100
1119,15,V,Chicago,0,1,0,1,325,375,1.5,150,6,-120,6,-110
1119,16,H,Boston,1,3,2,6,-425,-450,-1.5,-170,6,100,6,-110
1119,17,V,TampaBay,0,1,1,3,-125,-124,-1.5,200,6,-120,6,-105
1119,18,H,Nashville,1,0,1,2,105,114,1.5,-230,6,100,6,-115
1119,19,V,NYIslanders,0,2,0,2,125,140,1.5,-190,6,-115,6,100
1119,20,H,Dallas,0,2,3,5,-145,-155,-1.5,170,6,-105,6,-120
1119,21,V,Anaheim,0,1,1,2,180,160,1.5,-160,6,-125,6,-105
1119,22,H,St.Louis,2,3,1,6,-220,-180,-1.5,140,6,105,6,-115
1119,23,V,Carolina,1,0,0,1,-125,-120,-1.5,200,6,-115,6,-115
1119,24,H,Minnesota,0,0,1,2,105,110,1.5,-230,6,-105,6,-105
1119,25,V,LosAngeles,0,1,1,2,105,110,1.5,-230,6,-105,6,-110
1119,26,H,SeattleKraken,1,0,1,3,-125,-120,-1.5,200,6,-115,6,-110
1119,27,V,Vegas,1,1,1,3,-110,-112,-1.5,220,6.5,-120,6.5,-120
1119,28,H,Edmonton,1,1,1,4,-110,102,1.5,-250,6.5,100,6.5,100
1119,29,V,NYRangers,0,0,2,2,-160,-166,-1.5,140,6,-115,6,-105
1119,30,H,SanJose,0,0,1,1,135,151,1.5,-160,6,-105,6,-115
1120,31,V,Florida,1,1,1,3,-210,-245,-1.5,100,6.5,-130,6.5,-120
1120,32,H,Columbus,1,1,3,5,175,215,1.5,-120,6.5,110,6.5,100
1120,33,V,Pittsburgh,1,2,2,5,-200,-230,-1.5,115,6.5,-105,6.5,100
1120,34,H,Chicago,0,2,1,3,170,205,1.5,-135,6.5,-115,6.5,-120
1121,35,V,Edmonton,1,0,1,2,125,135,1.5,-185,7,110,6.5,-130
1121,36,H,New Jersey,1,2,2,5,-145,-150,-1.5,165,7,-130,6.5,110
1121,37,V,Calgary,2,1,2,5,-195,-210,-1.5,120,6,-120,6,100
1121,38,H,Philadelphia,1,0,1,2,165,190,1.5,-140,6,100,6,-120
1121,39,V,Boston,1,3,1,5,-105,-101,1.5,-255,6,100,6,-105
1121,40,H,Tampa Bay,1,0,2,3,-115,-109,-1.5,225,6,-120,6,-115
1121,41,V,Carolina,0,0,3,3,-135,-166,-1.5,145,6,100,6,100
1121,42,H,Winnipeg,1,1,1,4,115,151,1.5,-165,6,-120,6,-120
1121,43,V,NY Islanders,1,0,1,3,160,151,1.5,-175,6,-125,6,-120
1121,44,H,Toronto,0,2,0,2,-190,-166,-1.5,155,6,105,6,100
1121,45,V,Anaheim,1,0,0,1,180,174,1.5,-145,6,-125,6,-115
1121,46,H,St. Louis,1,0,2,3,-220,-194,-1.5,125,6,105,6,-105
1121,47,V,Arizona,0,2,1,3,195,220,1.5,-115,6,-110,6,-110
1121,48,H,Nashville,1,0,2,4,-245,-250,-1.5,-105,6,-110,6,-110
1121,49,V,Colorado,1,0,1,3,-110,108,1.5,-245,6,-110,6,-110
1121,50,H,Dallas,0,1,1,2,-110,-118,-1.5,215,6,-110,6,-110
1121,51,V,Vegas,0,2,3,5,-140,-138,-1.5,170,6.5,-105,6.5,-105
1121,52,H,Vancouver,0,1,3,4,120,128,1.5,-190,6.5,-115,6.5,-115
1121,53,V,Ottawa,1,0,0,1,-105,-117,-1.5,210,6,-110,6,-130
1121,54,H,San Jose,1,3,1,5,-115,107,1.5,-240,6,-110,6,110
1122,55,V,Buffalo,3,1,3,7,105,-103,1.5,-255,6.5,-115,6.5,-115
1122,56,H,Montreal,1,1,0,2,-125,-107,-1.5,225,6.5,-105,6.5,-105
1122,57,V,NY Rangers,0,3,2,5,-110,-145,-1.5,185,6,100,6,100
1122,58,H,Los Angeles,2,0,1,3,-110,132,1.5,-210,6,-120,6,-120
1123,1,V,Arizona,1,0,3,4,300,300,1.5,110,6,-115,6,100
1123,2,H,Carolina,0,0,0,0,-380,-350,-1.5,-130,6,-105,6,-120
1123,3,V,St. Louis,0,1,1,2,-180,-135,-1.5,175,6.5,-110,6.5,-115
1123,4,H,Buffalo,1,3,2,6,150,125,1.5,-200,6.5,-110,6.5,-105
1123,5,V,Winnipeg,0,1,0,1,135,135,1.5,-190,6,105,6,100
1123,6,H,Minnesota,1,2,3,6,-160,-150,-1.5,170,6,-125,6,-120
1123,7,V,Boston,1,0,1,2,-105,105,1.5,-250,6.5,-115,6.5,-110
1123,8,H,Florida,1,3,1,5,-115,-115,-1.5,220,6.5,-105,6.5,-110
1123,9,V,Toronto,2,0,0,2,120,112,1.5,-210,6.5,-125,6.5,100
1123,10,H,New Jersey,0,0,1,1,-140,-122,-1.5,185,6.5,105,6.5,-120
1123,11,V,Montreal,0,0,3,3,-105,110,1.5,-230,6.5,-120,6.5,-125
1123,12,H,Columbus,0,0,1,1,-115,-120,-1.5,200,6.5,100,6.5,105
1123,13,V,Calgary,0,1,0,1,100,110,1.5,-230,6,-125,6.5,-120
1123,14,H,Pittsburgh,1,0,0,2,-120,-120,-1.5,200,6,105,6.5,100
1123,15,V,Edmonton,0,0,0,0,-105,105,1.5,-245,6.5,-110,6.5,105
1123,16,H,NY Islanders,0,3,0,3,-115,-115,-1.5,215,6.5,-110,6.5,-125
1123,17,V,Philadelphia,1,1,0,2,185,215,1.5,-120,6,-110,6,100
1123,18,H,Washington,1,0,1,3,-225,-245,-1.5,100,6,-110,6,-120
1123,19,V,Nashville,0,0,0,0,-110,107,1.5,-245,6,-115,6,-125
1123,20,H,Detroit,0,2,1,3,-110,-117,-1.5,215,6,-105,6,105
1123,21,V,Chicago,0,3,1,4,260,260,1.5,-105,6,-110,6,100
1123,22,H,Dallas,1,0,5,6,-320,-300,-1.5,-115,6,-110,6,-120
1123,23,V,NY Rangers,1,1,0,2,-170,-155,-1.5,160,6,-105,6,-125
1123,24,H,Anaheim,1,2,0,3,145,140,1.5,-180,6,-115,6,105
1123,25,V,San Jose,2,1,2,5,135,160,1.5,-175,6,100,6,100
1123,26,H,Seattle Kraken,1,3,4,8,-160,-180,-1.5,155,6,-120,6,-120
1123,27,V,Vancouver,1,1,2,4,175,175,1.5,-140,6.5,-105,6.5,-120
1123,28,H,Colorado,2,1,0,3,-210,-195,-1.5,120,6.5,-115,6.5,100
1123,29,V,Ottawa,1,0,0,1,195,210,1.5,-130,6.5,-110,6.5,-130
1123,30,H,Vegas,1,1,2,4,-245,-240,-1.5,110,6.5,-110,6.5,110
1125,31,V,Carolina,2,0,0,2,130,141,1.5,-180,6,100,6,-105
1125,32,H,Boston,0,1,1,3,-150,-156,-1.5,160,6,-120,6,-115
1125,35,V,Calgary,0,0,0,0,-120,-118,-1.5,210,6,-115,6,-105
1125,36,H,Washington,1,1,1,3,100,108,1.5,-240,6,-105,6,-115
1125,37,V,Toronto,2,1,1,4,-110,101,1.5,-245,6.5,100,6.5,100
1125,38,H,Minnesota,1,1,1,3,-110,-111,-1.5,215,6.5,-120,6.5,-120
1125,39,V,Montreal,1,1,0,3,105,105,1.5,-220,6.5,105,6.5,100
1125,40,H,Chicago,0,1,1,2,-125,-115,-1.5,195,6.5,-125,6.5,-120
1125,41,V,Ottawa,2,2,1,5,-135,-145,-1.5,175,6,-125,6.5,100
1125,42,H,Anaheim,0,0,1,1,115,132,1.5,-200,6,105,6.5,-120
1125,43,V,Pittsburgh,2,2,0,4,-235,-225,-1.5,110,6.5,100,6,-120
1125,44,H,Philadelphia,0,0,1,1,190,202,1.5,-130,6.5,-120,6,100
1125,45,V,New Jersey,0,3,0,3,-160,-154,-1.5,155,6.5,-130,6.5,-130
1125,46,H,Buffalo,0,1,0,1,135,139,1.5,-175,6.5,110,6.5,110
1125,47,V,Arizona,0,2,1,3,165,170,1.5,-150,6,-115,6,-110
1125,48,H,Detroit,1,2,0,4,-195,-190,-1.5,130,6,-105,6,-110
1125,49,V,NY Islanders,1,1,1,3,-190,-188,-1.5,135,6,-115,6,-115
1125,50,H,Columbus,0,2,0,2,160,168,1.5,-155,6,-105,6,-105
1125,51,V,St. Louis,1,1,0,2,145,170,1.5,-155,6,-120,6,-110
1125,52,H,Tampa Bay,3,1,1,5,-170,-190,-1.5,135,6,100,6,-110
1125,53,V,Seattle Kraken,2,2,0,4,160,168,1.5,-155,6,-125,6.5,100
1125,54,H,Vegas,2,0,0,2,-190,-188,-1.5,135,6,105,6.5,-120
1125,55,V,Winnipeg,2,1,1,5,135,147,1.5,-170,6,-115,6,-105
1125,56,H,Dallas,2,0,2,4,-160,-162,-1.5,150,6,-105,6,-115
1125,57,V,Los Angeles,2,1,2,5,-145,-145,-1.5,180,6,-125,6,-120
1125,58,H,San Jose,1,1,0,2,125,132,1.5,-205,6,105,6,100
1126,59,V,Edmonton,0,0,4,4,110,140,1.5,-180,6.5,-105,6.5,100
1126,60,H,NY Rangers,1,2,0,3,-130,-155,-1.5,160,6.5,-115,6.5,-120
1126,61,V,Calgary,1,1,0,2,115,115,1.5,-220,6,-125,6,100
1126,62,H,Carolina,1,1,1,3,-135,-125,-1.5,195,6,105,6,-120
1126,63,V,St. Louis,1,0,3,5,155,180,1.5,-135,6.5,-130,6.5,-115
1126,64,H,Florida,3,1,0,4,-185,-200,-1.5,115,6.5,110,6.5,-105
1126,65,V,Washington,0,0,1,1,145,170,1.5,-155,6,100,6,-125
1126,66,H,New Jersey,1,2,2,5,-170,-190,-1.5,135,6,-120,6,105
1126,67,V,Toronto,1,2,1,4,-105,113,1.5,-230,6.5,-115,6.5,-125
1126,68,H,Pittsburgh,0,0,1,1,-115,-123,-1.5,200,6.5,-105,6.5,105
1126,69,V,Philadelphia,1,1,0,2,170,200,1.5,-130,6,105,6,105
1126,70,H,NY Islanders,1,1,3,5,-200,-220,-1.5,110,6,-125,6,-125
1126,73,V,Dallas,0,1,0,1,110,155,1.5,-175,6,-120,6,-120
1126,74,H,Colorado,2,1,1,4,-130,-170,-1.5,155,6,100,6,100
1126,75,V,Vancouver,2,3,0,5,150,170,1.5,-160,6.5,-115,6.5,-120
1126,76,H,Vegas,0,0,1,1,-180,-190,-1.5,140,6.5,-105,6.5,100
1127,77,V,Arizona,0,1,2,3,235,240,1.5,-105,6,-110,6,-120
1127,78,H,Minnesota,1,1,2,4,-290,-270,-1.5,-115,6,-110,6,100
1127,79,V,Winnipeg,1,4,2,7,-165,-166,-1.5,150,6,-110,6,105
1127,80,H,Chicago,0,2,0,2,140,151,1.5,-170,6,-110,6,-125
1127,81,V,Seattle Kraken,3,1,1,5,-160,-170,-1.5,145,6,-110,6,-120
1127,82,H,Anaheim,1,3,0,4,135,155,1.5,-165,6,-110,6,100
1127,83,V,Vancouver,1,0,2,4,-110,-110,-1.5,220,6.5,-110,6.5,-110
1127,84,H,San Jose,0,1,2,3,-110,100,1.5,-250,6.5,-110,6.5,-110
1127,85,V,Ottawa,1,1,0,3,135,139,1.5,-185,6.5,-105,6.5,-105
1127,86,H,Los Angeles,0,2,0,2,-160,-154,-1.5,165,6.5,-115,6.5,-115
